{
    "baseballglove": {
        "alignment": 0.5398063362462606,
        "null": 0.28138425195890265
    },
    "toyplane": {
        "alignment": 0.3841081561561532,
        "null": 0.10362176963045715
    },
    "toaster": {
        "alignment": 0.3391399930607499,
        "null": 0.08584573704303729
    },
    "hairdryer": {
        "alignment": 0.5226026569488378,
        "null": 0.1076499617619683
    },
    "stopsign": {
        "alignment": 0.3712178169046352,
        "null": 0.16750721545200226
    },
    "toilet": {
        "alignment": 0.3258639124656566,
        "null": 0.06408706074119733
    },
    "sandwich": {
        "alignment": 0.5670553216710916,
        "null": 0.31287425916146777
    },
    "bottle": {
        "alignment": 0.5102827163024969,
        "null": 0.32329527479281683
    },
    "book": {
        "alignment": 0.3474750440232266,
        "null": 0.09372143127728594
    },
    "teddybear": {
        "alignment": 0.38776104218703955,
        "null": 0.04956266264325792
    },
    "microwave": {
        "alignment": 0.4089397921727399,
        "null": 0.1118738929744694
    },
    "toybus": {
        "alignment": 0.18106004046205157,
        "null": 0.009027886621497352
    },
    "banana": {
        "alignment": 0.532921644618678,
        "null": 0.030855580722461893
    },
    "ball": {
        "alignment": 0.3333110265076126,
        "null": 0.12159787532481305
    },
    "umbrella": {
        "alignment": 0.197035844981752,
        "null": 0.06565613890551043
    },
    "motorcycle": {
        "alignment": 0.1826187587281149,
        "null": 0.11579361272651084
    },
    "car": {
        "alignment": 0.11281037712107964,
        "null": -0.06308148148272881
    },
    "tv": {
        "alignment": 0.5909766983529093,
        "null": 0.08656281308254918
    },
    "carrot": {
        "alignment": 0.43412757114976763,
        "null": 0.07540123118585536
    },
    "pizza": {
        "alignment": 0.4449001488017998,
        "null": 0.21456574412550303
    },
    "hotdog": {
        "alignment": 0.5308851098181989,
        "null": 0.2306447425037276
    },
    "frisbee": {
        "alignment": 0.21695795876410284,
        "null": 0.09318466150029589
    },
    "toytruck": {
        "alignment": 0.4908616802935663,
        "null": 0.08590806834526031
    },
    "baseballbat": {
        "alignment": 0.4352342973887764,
        "null": 0.027184114906588844
    },
    "chair": {
        "alignment": 0.49012957784535904,
        "null": 0.1751982644397863
    },
    "cake": {
        "alignment": 0.45858195375566513,
        "null": 0.18597703199055887
    },
    "bicycle": {
        "alignment": 0.21930705334468922,
        "null": 0.21478448938177655
    },
    "wineglass": {
        "alignment": 0.5130865696453916,
        "null": 0.045416265350704414
    },
    "parkingmeter": {
        "alignment": 0.42710393520313217,
        "null": 0.21414909603754334
    },
    "handbag": {
        "alignment": 0.35521381388619466,
        "null": 0.12283554845130047
    },
    "plant": {
        "alignment": 0.5028979056157418,
        "null": 0.21346417643717341
    },
    "bench": {
        "alignment": 0.3527337856750477,
        "null": 0.02840982285213334
    },
    "toytrain": {
        "alignment": 0.42989063978984365,
        "null": 0.1454177608149611
    },
    "orange": {
        "alignment": 0.44977584471616605,
        "null": 0.03743259818022769
    },
    "cellphone": {
        "alignment": 0.49407069386631264,
        "null": 0.10743580184332507
    },
    "hydrant": {
        "alignment": 0.5216464311451509,
        "null": 0.09532277912577727
    },
    "backpack": {
        "alignment": 0.513899915198147,
        "null": 0.3165894901351702
    },
    "cup": {
        "alignment": 0.4160533534451509,
        "null": -0.036797906112319034
    },
    "mouse": {
        "alignment": 0.44595690720784853,
        "null": 0.062495461475626235
    },
    "keyboard": {
        "alignment": 0.2043497450491276,
        "null": 0.13150799679895733
    },
    "skateboard": {
        "alignment": 0.44067116824579783,
        "null": -0.05936290464737468
    },
    "suitcase": {
        "alignment": 0.33909446057821824,
        "null": 0.047005097659289764
    },
    "couch": {
        "alignment": 0.09634227800890172,
        "null": 0.05079895336041227
    },
    "remote": {
        "alignment": 0.31681615513230293,
        "null": 0.12242688301272787
    },
    "apple": {
        "alignment": 0.33925066286530825,
        "null": -0.04610846074803837
    },
    "donut": {
        "alignment": 0.5696385725727705,
        "null": 0.12638378392521776
    },
    "laptop": {
        "alignment": 0.21241234315360905,
        "null": 0.07151075297162177
    },
    "broccoli": {
        "alignment": 0.48319981563707276,
        "null": 0.18913487077123808
    },
    "vase": {
        "alignment": 0.5549904390740429,
        "null": 0.1843011607225436
    },
    "bowl": {
        "alignment": 0.6289973059672715,
        "null": 0.0561248644627291
    },
    "kite": {
        "alignment": 0.3559308040480457,
        "null": 0.11148201325118423
    },
    "human": {
        "alignment": 0.687786987829927,
        "null": 0.3313190360763962
    }
}