{
    "baseballglove": {
        "alignment": 0.5318808420708856,
        "null": 0.22833049542334993
    },
    "toyplane": {
        "alignment": 0.3212941895629541,
        "null": 0.14898054684130255
    },
    "toaster": {
        "alignment": 0.3035210409302531,
        "null": 0.09721849056268386
    },
    "hairdryer": {
        "alignment": 0.5199144221952646,
        "null": 0.1284978761337222
    },
    "stopsign": {
        "alignment": 0.40985891586093937,
        "null": 0.16283896223401217
    },
    "toilet": {
        "alignment": 0.3700913595599587,
        "null": 0.11346403714065552
    },
    "sandwich": {
        "alignment": 0.6083828948324675,
        "null": 0.3238182412819962
    },
    "bottle": {
        "alignment": 0.47123309856716694,
        "null": 0.3050006407397654
    },
    "book": {
        "alignment": 0.20943522144234758,
        "null": 0.10465310739678223
    },
    "teddybear": {
        "alignment": 0.49309964764972,
        "null": 0.1790951172864432
    },
    "microwave": {
        "alignment": 0.4272883792647861,
        "null": 0.1595381426693204
    },
    "toybus": {
        "alignment": 0.21005637468114685,
        "null": 0.05069838718659937
    },
    "banana": {
        "alignment": 0.4828194250583134,
        "null": 0.07154369855901765
    },
    "ball": {
        "alignment": 0.37206176325601614,
        "null": 0.11939531956846614
    },
    "umbrella": {
        "alignment": 0.2036769568859929,
        "null": 0.08171371100421103
    },
    "motorcycle": {
        "alignment": 0.28887114280111437,
        "null": 0.1823822621960804
    },
    "car": {
        "alignment": 0.19443136516772822,
        "null": -0.007662769911964038
    },
    "tv": {
        "alignment": 0.5549502056639553,
        "null": 0.09403964166824486
    },
    "carrot": {
        "alignment": 0.43116153965465537,
        "null": 0.14536235752468207
    },
    "pizza": {
        "alignment": 0.26362773654852245,
        "null": 0.24930113233735285
    },
    "hotdog": {
        "alignment": 0.4959129604287259,
        "null": 0.25174554945377325
    },
    "frisbee": {
        "alignment": 0.16908389888016853,
        "null": 0.1563587195814953
    },
    "toytruck": {
        "alignment": 0.4616976174604022,
        "null": 0.11942746410855107
    },
    "baseballbat": {
        "alignment": 0.41666582503848654,
        "null": 0.07559132865400567
    },
    "chair": {
        "alignment": 0.4904790659290538,
        "null": 0.2417077954102482
    },
    "cake": {
        "alignment": 0.4357379363249965,
        "null": 0.1765278163085277
    },
    "bicycle": {
        "alignment": 0.321362355424089,
        "null": 0.24190968632988474
    },
    "wineglass": {
        "alignment": 0.5163289629266933,
        "null": -0.0023470963710388554
    },
    "parkingmeter": {
        "alignment": 0.4650323694261253,
        "null": 0.26512357574274287
    },
    "handbag": {
        "alignment": 0.39489675429550414,
        "null": 0.1662189358249086
    },
    "plant": {
        "alignment": 0.514138550554353,
        "null": 0.19327544242498196
    },
    "bench": {
        "alignment": 0.3633824645690634,
        "null": 0.0710828221611114
    },
    "toytrain": {
        "alignment": 0.40633235701973053,
        "null": 0.1502304665734565
    },
    "orange": {
        "alignment": 0.3776477769347091,
        "null": 0.10298541828032161
    },
    "cellphone": {
        "alignment": 0.4884397691209379,
        "null": 0.15097133612734476
    },
    "hydrant": {
        "alignment": 0.5913988264118392,
        "null": 0.1877140487030177
    },
    "backpack": {
        "alignment": 0.4111581816109475,
        "null": 0.336313377953862
    },
    "cup": {
        "alignment": 0.3478396074226592,
        "null": -0.03058313791724496
    },
    "mouse": {
        "alignment": 0.43573707253816785,
        "null": 0.07287350516713534
    },
    "keyboard": {
        "alignment": 0.2315619828353669,
        "null": 0.14145357100374015
    },
    "skateboard": {
        "alignment": 0.40459995891569567,
        "null": -0.041256140141095986
    },
    "suitcase": {
        "alignment": 0.32494780305171495,
        "null": 0.07968384185605779
    },
    "couch": {
        "alignment": 0.09827848619850549,
        "null": 0.14377909970831135
    },
    "remote": {
        "alignment": 0.3163029405996379,
        "null": 0.18306756583479747
    },
    "apple": {
        "alignment": 0.34711641473073845,
        "null": -0.026036839808451367
    },
    "donut": {
        "alignment": 0.547739309717795,
        "null": 0.12934392491644112
    },
    "laptop": {
        "alignment": 0.26599947101266197,
        "null": 0.18277312651466424
    },
    "broccoli": {
        "alignment": 0.45101939922440987,
        "null": 0.1326509081521198
    },
    "vase": {
        "alignment": 0.5664450740792544,
        "null": 0.22009973999268456
    },
    "bowl": {
        "alignment": 0.6729687763615707,
        "null": 0.06851963850092754
    },
    "kite": {
        "alignment": 0.34348818366056555,
        "null": 0.19707468463959676
    },
    "human": {
        "alignment": 0.9770014426428365,
        "null": 0.5854869111174181
    }
}