{
    "baseballglove": {
        "alignment": 0.5584631444014916,
        "null": 0.2910905763762497
    },
    "toyplane": {
        "alignment": 0.29803770114633893,
        "null": 0.1449194804278665
    },
    "toaster": {
        "alignment": 0.4116169263784691,
        "null": 0.09938165490312952
    },
    "hairdryer": {
        "alignment": 0.49873361037730446,
        "null": 0.08146758906969159
    },
    "stopsign": {
        "alignment": 0.357763213900202,
        "null": 0.26567635415677276
    },
    "toilet": {
        "alignment": 0.2974033910512613,
        "null": 0.11733037746915745
    },
    "sandwich": {
        "alignment": 0.5753305628722668,
        "null": 0.3379096278051712
    },
    "bottle": {
        "alignment": 0.4718660928362411,
        "null": 0.30344183043339407
    },
    "book": {
        "alignment": 0.4071006182313179,
        "null": 0.1186559238480288
    },
    "teddybear": {
        "alignment": 0.4651739896830978,
        "null": 0.16677284481567695
    },
    "microwave": {
        "alignment": 0.3763481288611711,
        "null": 0.16679541772494874
    },
    "toybus": {
        "alignment": 0.2686513504692202,
        "null": -0.010513385119432813
    },
    "banana": {
        "alignment": 0.55521356053279,
        "null": 0.1245728890609279
    },
    "ball": {
        "alignment": 0.43771459885904346,
        "null": 0.24936980830951308
    },
    "umbrella": {
        "alignment": 0.2322894643624871,
        "null": 0.13063621353453297
    },
    "motorcycle": {
        "alignment": 0.2753603657080834,
        "null": 0.18255480349776046
    },
    "car": {
        "alignment": 0.08420447940028632,
        "null": 0.0063830498066772745
    },
    "tv": {
        "alignment": 0.5860418367402115,
        "null": 0.15146760789450803
    },
    "carrot": {
        "alignment": 0.39791255687346766,
        "null": 0.14781873441393664
    },
    "pizza": {
        "alignment": 0.24871653174144986,
        "null": 0.21505829787044045
    },
    "hotdog": {
        "alignment": 0.5224478443885743,
        "null": 0.2690270054315501
    },
    "frisbee": {
        "alignment": 0.26568262401550813,
        "null": 0.16132877677829527
    },
    "toytruck": {
        "alignment": 0.44631834706631857,
        "null": 0.09349567159771244
    },
    "baseballbat": {
        "alignment": 0.4797412613942707,
        "null": 0.07492781537500787
    },
    "chair": {
        "alignment": 0.4552773553738515,
        "null": 0.2007911701713152
    },
    "cake": {
        "alignment": 0.4659523400849543,
        "null": 0.21572571286152628
    },
    "bicycle": {
        "alignment": 0.24433778176670434,
        "null": 0.2473417433667822
    },
    "wineglass": {
        "alignment": 0.4481870633274511,
        "null": 0.08263443473355273
    },
    "parkingmeter": {
        "alignment": 0.4902479261585294,
        "null": 0.2727841216926246
    },
    "handbag": {
        "alignment": 0.39983492094725614,
        "null": 0.1933924194826132
    },
    "plant": {
        "alignment": 0.4454100061110582,
        "null": 0.18478176080700434
    },
    "bench": {
        "alignment": 0.36027070162834174,
        "null": 0.038230528866614696
    },
    "toytrain": {
        "alignment": 0.44244178293341874,
        "null": 0.14888910759250143
    },
    "orange": {
        "alignment": 0.4199730266214388,
        "null": 0.10679783815728333
    },
    "cellphone": {
        "alignment": 0.48964238378311364,
        "null": 0.16280926806310092
    },
    "hydrant": {
        "alignment": 0.5468294741293198,
        "null": 0.15501799612974335
    },
    "backpack": {
        "alignment": 0.4800681593616396,
        "null": 0.32121147636407743
    },
    "cup": {
        "alignment": 0.3970857001176168,
        "null": 0.010031492904105337
    },
    "mouse": {
        "alignment": 0.4338839451760402,
        "null": 0.11107508148561082
    },
    "keyboard": {
        "alignment": 0.2006427729767313,
        "null": 0.16850496824507988
    },
    "skateboard": {
        "alignment": 0.4009869417317952,
        "null": -0.06065585742489008
    },
    "suitcase": {
        "alignment": 0.34108514880933544,
        "null": 0.10468812920500581
    },
    "couch": {
        "alignment": 0.06561146687854644,
        "null": 0.14276793512797903
    },
    "remote": {
        "alignment": 0.32156743862305937,
        "null": 0.18110380619085642
    },
    "apple": {
        "alignment": 0.3439629861423941,
        "null": 0.004095397937054222
    },
    "donut": {
        "alignment": 0.5528166320043704,
        "null": 0.1543040251435631
    },
    "laptop": {
        "alignment": 0.28079494404743965,
        "null": 0.17124941810375877
    },
    "broccoli": {
        "alignment": 0.487045119717228,
        "null": 0.13130677679026995
    },
    "vase": {
        "alignment": 0.5550720872352145,
        "null": 0.1996349411301361
    },
    "bowl": {
        "alignment": 0.6229851158984745,
        "null": 0.03937051262800888
    },
    "kite": {
        "alignment": 0.29618558817665586,
        "null": 0.2221857538598199
    },
    "human": {
        "alignment": 1.4833502402604732,
        "null": 0.05921609485190171
    }
}