{
    "baseballglove": {
        "alignment": 0.563416516821134,
        "null": 0.3273445979980763
    },
    "toyplane": {
        "alignment": 0.39249976120788044,
        "null": 0.16497710584731812
    },
    "toaster": {
        "alignment": 0.3550732956529847,
        "null": 0.1399124449640292
    },
    "hairdryer": {
        "alignment": 0.5025168211584146,
        "null": 0.10561025750061513
    },
    "stopsign": {
        "alignment": 0.4266450868681946,
        "null": 0.2351469774809681
    },
    "toilet": {
        "alignment": 0.3899848668335885,
        "null": 0.12165711427800327
    },
    "sandwich": {
        "alignment": 0.5936769396030229,
        "null": 0.36107225230544887
    },
    "bottle": {
        "alignment": 0.4800544233254128,
        "null": 0.31653952789284256
    },
    "book": {
        "alignment": 0.325550182942611,
        "null": 0.14636992588373426
    },
    "teddybear": {
        "alignment": 0.4527483351558817,
        "null": 0.1454200351503888
    },
    "microwave": {
        "alignment": 0.4143136308813555,
        "null": 0.1878586316942116
    },
    "toybus": {
        "alignment": 0.18037229583976797,
        "null": 0.008273468971398992
    },
    "banana": {
        "alignment": 0.5703599975677465,
        "null": 0.09473540182506929
    },
    "ball": {
        "alignment": 0.36916476723919683,
        "null": 0.18716391529596937
    },
    "umbrella": {
        "alignment": 0.26755677363860125,
        "null": 0.1761947289669052
    },
    "motorcycle": {
        "alignment": 0.24529485408945656,
        "null": 0.18382117767145595
    },
    "car": {
        "alignment": 0.1787078349027024,
        "null": -0.029618449246494944
    },
    "tv": {
        "alignment": 0.6013366253584007,
        "null": 0.1340288632760493
    },
    "carrot": {
        "alignment": 0.49245923075510234,
        "null": 0.17744646427646418
    },
    "pizza": {
        "alignment": 0.27382996638036616,
        "null": 0.25664943563503634
    },
    "hotdog": {
        "alignment": 0.5409796167810762,
        "null": 0.2646268364665107
    },
    "frisbee": {
        "alignment": 0.3557010603716525,
        "null": 0.10122991127516509
    },
    "toytruck": {
        "alignment": 0.4629148789869946,
        "null": 0.10791125774572057
    },
    "baseballbat": {
        "alignment": 0.4690498069191827,
        "null": 0.06738861338468101
    },
    "chair": {
        "alignment": 0.49053740912218996,
        "null": 0.24853231354120986
    },
    "cake": {
        "alignment": 0.536257862196978,
        "null": 0.21759264715079912
    },
    "bicycle": {
        "alignment": 0.2960622989510506,
        "null": 0.22059132740851659
    },
    "wineglass": {
        "alignment": 0.5033698700212739,
        "null": 0.034492115110936826
    },
    "parkingmeter": {
        "alignment": 0.45213709849654576,
        "null": 0.2786876309406737
    },
    "handbag": {
        "alignment": 0.4059587947380501,
        "null": 0.1917991355187612
    },
    "plant": {
        "alignment": 0.42544192475929704,
        "null": 0.21440805486286807
    },
    "bench": {
        "alignment": 0.41649385302418795,
        "null": 0.11961508428879805
    },
    "toytrain": {
        "alignment": 0.4435422625142284,
        "null": 0.14570336832877345
    },
    "orange": {
        "alignment": 0.4080684290950734,
        "null": 0.1007285323371245
    },
    "cellphone": {
        "alignment": 0.5505442018289808,
        "null": 0.16016510070397272
    },
    "hydrant": {
        "alignment": 0.5554809701036032,
        "null": 0.17373902989351478
    },
    "backpack": {
        "alignment": 0.4534843148154765,
        "null": 0.2892269252889833
    },
    "cup": {
        "alignment": 0.4453194550782306,
        "null": 0.022442732352702135
    },
    "mouse": {
        "alignment": 0.45904276108727116,
        "null": 0.05130643781967179
    },
    "keyboard": {
        "alignment": 0.3265140245930645,
        "null": 0.17265497964857482
    },
    "skateboard": {
        "alignment": 0.426477807926873,
        "null": -0.0550114997550267
    },
    "suitcase": {
        "alignment": 0.3711110416727854,
        "null": 0.13002118429742546
    },
    "couch": {
        "alignment": 0.1004666583525076,
        "null": 0.1358647994082062
    },
    "remote": {
        "alignment": 0.4787038642630079,
        "null": 0.2098559111987127
    },
    "apple": {
        "alignment": 0.3491680366350738,
        "null": 0.06681614182038273
    },
    "donut": {
        "alignment": 0.5138511217637008,
        "null": 0.1477667672315118
    },
    "laptop": {
        "alignment": 0.33762523926109356,
        "null": 0.17312413606553187
    },
    "broccoli": {
        "alignment": 0.5571739381689556,
        "null": 0.2168254381027323
    },
    "vase": {
        "alignment": 0.5282105803146409,
        "null": 0.191257170303865
    },
    "bowl": {
        "alignment": 0.47488390871464015,
        "null": 0.06722468870281133
    },
    "kite": {
        "alignment": 0.36091551252420534,
        "null": 0.23790277371575125
    },
    "human": {
        "alignment": 0.7574530212687552,
        "null": 0.4404295109984229
    }
}