{
    "baseballglove": {
        "alignment": 0.54908521810698,
        "null": 0.3102554872936696
    },
    "toyplane": {
        "alignment": 0.28579434636816603,
        "null": 0.12846683311790105
    },
    "toaster": {
        "alignment": 0.38255129106680685,
        "null": 0.10335431580931981
    },
    "hairdryer": {
        "alignment": 0.5410410392026073,
        "null": 0.1647588283058639
    },
    "stopsign": {
        "alignment": 0.3535852103694989,
        "null": 0.15646996206158176
    },
    "toilet": {
        "alignment": 0.2690435572704223,
        "null": 0.07326206306652898
    },
    "sandwich": {
        "alignment": 0.5724359339023688,
        "null": 0.3390585912137307
    },
    "bottle": {
        "alignment": 0.5192989963844248,
        "null": 0.36578393887688
    },
    "book": {
        "alignment": 0.2799542673136273,
        "null": 0.10222950039172422
    },
    "teddybear": {
        "alignment": 0.4717331802571786,
        "null": 0.15358887416353226
    },
    "microwave": {
        "alignment": 0.3678588356531512,
        "null": 0.12078214935933408
    },
    "toybus": {
        "alignment": 0.1825845834023908,
        "null": 0.0452271219308805
    },
    "banana": {
        "alignment": 0.47115219365284333,
        "null": 0.08883017276379429
    },
    "ball": {
        "alignment": 0.36045205362776006,
        "null": 0.16802945343502385
    },
    "umbrella": {
        "alignment": 0.18458684643738896,
        "null": 0.1546259760813325
    },
    "motorcycle": {
        "alignment": 0.2643260114901911,
        "null": 0.16163770384017678
    },
    "car": {
        "alignment": 0.17960319957136217,
        "null": -0.0538854148602279
    },
    "tv": {
        "alignment": 0.565303391234898,
        "null": 0.12010905853533015
    },
    "carrot": {
        "alignment": 0.4754473506088506,
        "null": 0.1585088864460951
    },
    "pizza": {
        "alignment": 0.2213035746177072,
        "null": 0.2622157824187472
    },
    "hotdog": {
        "alignment": 0.5004663735324397,
        "null": 0.25386027309660814
    },
    "frisbee": {
        "alignment": 0.28272167126415065,
        "null": 0.18063927858236956
    },
    "toytruck": {
        "alignment": 0.3889199967935198,
        "null": 0.08884732825147591
    },
    "baseballbat": {
        "alignment": 0.40219314648201215,
        "null": 0.0851512388761596
    },
    "chair": {
        "alignment": 0.43222019619543905,
        "null": 0.22582009842676845
    },
    "cake": {
        "alignment": 0.4370984487581417,
        "null": 0.18805791041749229
    },
    "bicycle": {
        "alignment": 0.25148988897487695,
        "null": 0.19576952418425358
    },
    "wineglass": {
        "alignment": 0.4178138929095298,
        "null": 0.10622904241207273
    },
    "parkingmeter": {
        "alignment": 0.48688569573836116,
        "null": 0.2660392794126346
    },
    "handbag": {
        "alignment": 0.40273946335382094,
        "null": 0.160376419488738
    },
    "plant": {
        "alignment": 0.3873207760131339,
        "null": 0.22817338492333028
    },
    "bench": {
        "alignment": 0.3631441500510148,
        "null": 0.092821977070131
    },
    "toytrain": {
        "alignment": 0.4002060859291543,
        "null": 0.11637197422145594
    },
    "orange": {
        "alignment": 0.3862296776884942,
        "null": 0.0867924646350484
    },
    "cellphone": {
        "alignment": 0.5163023051643552,
        "null": 0.15850819882067618
    },
    "hydrant": {
        "alignment": 0.5404130359244442,
        "null": 0.1586056969465918
    },
    "backpack": {
        "alignment": 0.42839078266530406,
        "null": 0.2879067020215601
    },
    "cup": {
        "alignment": 0.4584266393122139,
        "null": 0.07294070660289778
    },
    "mouse": {
        "alignment": 0.47523666968487766,
        "null": 0.04883949088746777
    },
    "keyboard": {
        "alignment": 0.23318395636932,
        "null": 0.11252577440239472
    },
    "skateboard": {
        "alignment": 0.4285360284967817,
        "null": 0.011155330811510404
    },
    "suitcase": {
        "alignment": 0.337767134423821,
        "null": 0.15905679820668545
    },
    "couch": {
        "alignment": 0.07109915935735307,
        "null": 0.1757561245205313
    },
    "remote": {
        "alignment": 0.3596128873009578,
        "null": 0.20106837886344983
    },
    "apple": {
        "alignment": 0.3257204568474254,
        "null": -0.016851854449207535
    },
    "donut": {
        "alignment": 0.4868216703354506,
        "null": 0.14651311925464983
    },
    "laptop": {
        "alignment": 0.3116655035316686,
        "null": 0.1447009674516963
    },
    "broccoli": {
        "alignment": 0.5012610358733356,
        "null": 0.22620208493217403
    },
    "vase": {
        "alignment": 0.5431261437039079,
        "null": 0.1897759879226727
    },
    "bowl": {
        "alignment": 0.5804537536593162,
        "null": 0.19463467158690193
    },
    "kite": {
        "alignment": 0.3151532430376857,
        "null": 0.18026355077257147
    },
    "human": {
        "alignment": 1.2797087658831776,
        "null": 0.2958983440153928
    }
}