{
    "baseballglove": {
        "alignment": 0.47565423250260597,
        "null": 0.26722293739619185
    },
    "toyplane": {
        "alignment": 0.210138564569212,
        "null": 0.15121221483331013
    },
    "toaster": {
        "alignment": 0.34215822179891026,
        "null": 0.09332518609691806
    },
    "hairdryer": {
        "alignment": 0.5003431146784106,
        "null": 0.14222066766613997
    },
    "stopsign": {
        "alignment": 0.3355010161235874,
        "null": 0.1660944041350584
    },
    "toilet": {
        "alignment": 0.18231192686895803,
        "null": 0.04611461032101787
    },
    "sandwich": {
        "alignment": 0.5713105140833893,
        "null": 0.3466698013563013
    },
    "bottle": {
        "alignment": 0.48459967383101726,
        "null": 0.3155420246238905
    },
    "book": {
        "alignment": 0.29729355639103167,
        "null": 0.12974352853443522
    },
    "teddybear": {
        "alignment": 0.45068823200961167,
        "null": 0.12797502690041665
    },
    "microwave": {
        "alignment": 0.3612802263360236,
        "null": 0.13919183657982642
    },
    "toybus": {
        "alignment": 0.15335519064960673,
        "null": -0.006742512175138243
    },
    "banana": {
        "alignment": 0.539547411397628,
        "null": 0.044100210022349096
    },
    "ball": {
        "alignment": 0.3850295945997881,
        "null": 0.16750585112216398
    },
    "umbrella": {
        "alignment": 0.26032566813555896,
        "null": 0.12029173680711049
    },
    "motorcycle": {
        "alignment": 0.15511346239804902,
        "null": 0.16083608635098562
    },
    "car": {
        "alignment": 0.1572355221168362,
        "null": -0.03740238877928847
    },
    "tv": {
        "alignment": 0.5506557033424373,
        "null": 0.08971480758207942
    },
    "carrot": {
        "alignment": 0.4409968894958208,
        "null": 0.1156214105678435
    },
    "pizza": {
        "alignment": 0.3809325422394735,
        "null": 0.1931508895791608
    },
    "hotdog": {
        "alignment": 0.5286896127129269,
        "null": 0.25296540120093564
    },
    "frisbee": {
        "alignment": 0.2555113551574157,
        "null": 0.13172337583786178
    },
    "toytruck": {
        "alignment": 0.44396301856416204,
        "null": 0.08601734147522451
    },
    "baseballbat": {
        "alignment": 0.4320881407446856,
        "null": 0.06737928213438288
    },
    "chair": {
        "alignment": 0.41304321935275523,
        "null": 0.1534770112795326
    },
    "cake": {
        "alignment": 0.4066086228879521,
        "null": 0.20302288855426318
    },
    "bicycle": {
        "alignment": 0.24547707525825968,
        "null": 0.194935630755088
    },
    "wineglass": {
        "alignment": 0.49996950876872176,
        "null": 0.07987760316867586
    },
    "parkingmeter": {
        "alignment": 0.441406284777811,
        "null": 0.21369778097698586
    },
    "handbag": {
        "alignment": 0.30494376476936896,
        "null": 0.11864051447604182
    },
    "plant": {
        "alignment": 0.3985654907771059,
        "null": 0.19251088770406335
    },
    "bench": {
        "alignment": 0.340993138593181,
        "null": 0.05705101593414903
    },
    "toytrain": {
        "alignment": 0.4259957725301579,
        "null": 0.11049471164670174
    },
    "orange": {
        "alignment": 0.37036082449173696,
        "null": 0.07382513026964445
    },
    "cellphone": {
        "alignment": 0.5399425957560785,
        "null": 0.15691105231783856
    },
    "hydrant": {
        "alignment": 0.5869427035192997,
        "null": 0.09890449871351999
    },
    "backpack": {
        "alignment": 0.42516188319890197,
        "null": 0.25783586669099884
    },
    "cup": {
        "alignment": 0.42560019359127926,
        "null": 0.054354804681669124
    },
    "mouse": {
        "alignment": 0.47862760986188857,
        "null": 0.062471888452252045
    },
    "keyboard": {
        "alignment": 0.20914396781142688,
        "null": 0.14386897581274807
    },
    "skateboard": {
        "alignment": 0.41001770748359745,
        "null": -0.12270108313557788
    },
    "suitcase": {
        "alignment": 0.37353205091588104,
        "null": 0.06544545064393197
    },
    "couch": {
        "alignment": 0.0405702147224009,
        "null": 0.0956995969155248
    },
    "remote": {
        "alignment": 0.2894940927485099,
        "null": 0.1097215733176494
    },
    "apple": {
        "alignment": 0.3082760350704769,
        "null": -0.039648060742865705
    },
    "donut": {
        "alignment": 0.5361326596753043,
        "null": 0.15367316922033045
    },
    "laptop": {
        "alignment": 0.21203960305155425,
        "null": 0.09383876939411503
    },
    "broccoli": {
        "alignment": 0.5253416682226336,
        "null": 0.1476147173758705
    },
    "vase": {
        "alignment": 0.5333443207967776,
        "null": 0.17477353522155667
    },
    "bowl": {
        "alignment": 0.5297603522407768,
        "null": 0.06654162220234722
    },
    "kite": {
        "alignment": 0.3733044677828565,
        "null": 0.1653400330075834
    },
    "human": {
        "alignment": 1.2966621878014701,
        "null": -0.08045379931351648
    }
}