{
    "baseballglove": {
        "alignment": 0.5772575442967796,
        "null": 0.2720577545432591
    },
    "toyplane": {
        "alignment": 0.34833354498371344,
        "null": 0.18778733060339095
    },
    "toaster": {
        "alignment": 0.3591731766699559,
        "null": 0.09573285509748468
    },
    "hairdryer": {
        "alignment": 0.5508354978552336,
        "null": 0.14838132980401728
    },
    "stopsign": {
        "alignment": 0.39634520215682795,
        "null": 0.1875870495771408
    },
    "toilet": {
        "alignment": 0.3816595460033748,
        "null": 0.08772899628228321
    },
    "sandwich": {
        "alignment": 0.6185793215998607,
        "null": 0.3326727390155492
    },
    "bottle": {
        "alignment": 0.5201080498693511,
        "null": 0.32822646199676836
    },
    "book": {
        "alignment": 0.2555620509561286,
        "null": 0.14342066267418993
    },
    "teddybear": {
        "alignment": 0.38903201232242657,
        "null": 0.06473663412514216
    },
    "microwave": {
        "alignment": 0.3745665792425344,
        "null": 0.1162371896913654
    },
    "toybus": {
        "alignment": 0.1782509747074607,
        "null": 0.012501114668662178
    },
    "banana": {
        "alignment": 0.5496574105116122,
        "null": 0.07265436791928823
    },
    "ball": {
        "alignment": 0.39337900771806245,
        "null": 0.14352395838276966
    },
    "umbrella": {
        "alignment": 0.22555683262501497,
        "null": 0.07147856197970068
    },
    "motorcycle": {
        "alignment": 0.23112760558332085,
        "null": 0.12415177176156536
    },
    "car": {
        "alignment": 0.13158510988324157,
        "null": -0.03641564597047879
    },
    "tv": {
        "alignment": 0.5804434190099748,
        "null": 0.08457580068356506
    },
    "carrot": {
        "alignment": 0.4708210408544734,
        "null": 0.17394274111893362
    },
    "pizza": {
        "alignment": 0.30962501458197816,
        "null": 0.21999666484385272
    },
    "hotdog": {
        "alignment": 0.5498886296589417,
        "null": 0.25966690484481286
    },
    "frisbee": {
        "alignment": 0.29918313870154495,
        "null": 0.15450481586931392
    },
    "toytruck": {
        "alignment": 0.4561703486730173,
        "null": 0.12667420775506846
    },
    "baseballbat": {
        "alignment": 0.47138137851514306,
        "null": 0.09437978980726637
    },
    "chair": {
        "alignment": 0.49536979324583963,
        "null": 0.23299426929189737
    },
    "cake": {
        "alignment": 0.5227477658088867,
        "null": 0.2341572263422603
    },
    "bicycle": {
        "alignment": 0.313728916984255,
        "null": 0.2127577463337365
    },
    "wineglass": {
        "alignment": 0.5450249495797268,
        "null": 0.05607698596086312
    },
    "parkingmeter": {
        "alignment": 0.44962700422507657,
        "null": 0.2163551384743716
    },
    "handbag": {
        "alignment": 0.4188816283309788,
        "null": 0.16734036774527006
    },
    "plant": {
        "alignment": 0.4493232597273016,
        "null": 0.16519103008842229
    },
    "bench": {
        "alignment": 0.35750227911044796,
        "null": 0.08915507863574373
    },
    "toytrain": {
        "alignment": 0.42872189940907557,
        "null": 0.15671004806293537
    },
    "orange": {
        "alignment": 0.3688099950989886,
        "null": 0.10724367198379198
    },
    "cellphone": {
        "alignment": 0.5041829044838373,
        "null": 0.13650996876650642
    },
    "hydrant": {
        "alignment": 0.5895089213078771,
        "null": 0.10818097943820029
    },
    "backpack": {
        "alignment": 0.5702713550332599,
        "null": 0.29030408776238176
    },
    "cup": {
        "alignment": 0.47331137811855706,
        "null": 0.05114502003789656
    },
    "mouse": {
        "alignment": 0.4579032253179811,
        "null": 0.05004288029472226
    },
    "keyboard": {
        "alignment": 0.24819327544662184,
        "null": 0.14258957560468263
    },
    "skateboard": {
        "alignment": 0.3746013244154881,
        "null": -0.029143857936013304
    },
    "suitcase": {
        "alignment": 0.39848652181591027,
        "null": 0.026391429668270818
    },
    "couch": {
        "alignment": 0.10169139872871018,
        "null": 0.08693542464188149
    },
    "remote": {
        "alignment": 0.3279205278817496,
        "null": 0.13871816124793554
    },
    "apple": {
        "alignment": 0.3260272883442698,
        "null": 0.032873489185832445
    },
    "donut": {
        "alignment": 0.48135082929734,
        "null": 0.14324645606665293
    },
    "laptop": {
        "alignment": 0.28753042301842985,
        "null": 0.14987321203069587
    },
    "broccoli": {
        "alignment": 0.4383902778269363,
        "null": 0.1712425682968943
    },
    "vase": {
        "alignment": 0.5428311612625865,
        "null": 0.17414282735082418
    },
    "bowl": {
        "alignment": 0.6726343249895177,
        "null": 0.13890609497045547
    },
    "kite": {
        "alignment": 0.3292766044920609,
        "null": 0.16352314986535646
    },
    "human": {
        "alignment": 0.783862854068314,
        "null": -0.060820195503217996
    }
}