{
    "baseballglove": {
        "alignment": 0.5856116473772488,
        "null": 0.28371730029911263
    },
    "toyplane": {
        "alignment": 0.3203785011749949,
        "null": 0.11763953022615245
    },
    "toaster": {
        "alignment": 0.3571659003454846,
        "null": 0.09959704471455334
    },
    "hairdryer": {
        "alignment": 0.47525532674006904,
        "null": 0.11265811616730265
    },
    "stopsign": {
        "alignment": 0.38149712612180225,
        "null": 0.17612207104421426
    },
    "toilet": {
        "alignment": 0.3645308419617562,
        "null": 0.10812145249784058
    },
    "sandwich": {
        "alignment": 0.6414290292452017,
        "null": 0.3471573634825361
    },
    "bottle": {
        "alignment": 0.5078196572222688,
        "null": 0.29629529853010916
    },
    "book": {
        "alignment": 0.2629469565947487,
        "null": 0.08169676174892186
    },
    "teddybear": {
        "alignment": 0.5145894837637339,
        "null": 0.13579463258556787
    },
    "microwave": {
        "alignment": 0.38874177206277366,
        "null": 0.09861590907937293
    },
    "toybus": {
        "alignment": 0.2021881186487306,
        "null": 0.03592849146195352
    },
    "banana": {
        "alignment": 0.5552907246802004,
        "null": 0.11432182759324862
    },
    "ball": {
        "alignment": 0.334060231443566,
        "null": 0.12342825582519243
    },
    "umbrella": {
        "alignment": 0.287233092907563,
        "null": 0.14493916497603634
    },
    "motorcycle": {
        "alignment": 0.31582462784913545,
        "null": 0.10213681646239162
    },
    "car": {
        "alignment": 0.24815879631446322,
        "null": -0.08576071792024006
    },
    "tv": {
        "alignment": 0.6069262000655099,
        "null": 0.11535903661232376
    },
    "carrot": {
        "alignment": 0.4949917826758421,
        "null": 0.12923446553500986
    },
    "pizza": {
        "alignment": 0.42244398512577674,
        "null": 0.2559468954162444
    },
    "hotdog": {
        "alignment": 0.5443883079528449,
        "null": 0.2685728349569268
    },
    "frisbee": {
        "alignment": 0.26564772289375044,
        "null": 0.1450822619230815
    },
    "toytruck": {
        "alignment": 0.4850239199561658,
        "null": 0.07977036157121223
    },
    "baseballbat": {
        "alignment": 0.4455426208659361,
        "null": 0.07189937291994067
    },
    "chair": {
        "alignment": 0.5438766712395151,
        "null": 0.20734151744344984
    },
    "cake": {
        "alignment": 0.47955180610618314,
        "null": 0.21403905707121723
    },
    "bicycle": {
        "alignment": 0.3035265740663958,
        "null": 0.17317330487249166
    },
    "wineglass": {
        "alignment": 0.49534590416348795,
        "null": 0.01062280324772653
    },
    "parkingmeter": {
        "alignment": 0.4864731378707906,
        "null": 0.28885995706529244
    },
    "handbag": {
        "alignment": 0.4422501442907579,
        "null": 0.15873797402209056
    },
    "plant": {
        "alignment": 0.46550905850324303,
        "null": 0.1327064534396127
    },
    "bench": {
        "alignment": 0.4026370802503194,
        "null": 0.08488339815896698
    },
    "toytrain": {
        "alignment": 0.4202024930831936,
        "null": 0.0786731882469453
    },
    "orange": {
        "alignment": 0.418243597358366,
        "null": 0.03972262233328344
    },
    "cellphone": {
        "alignment": 0.5495973175530906,
        "null": 0.13881809176606127
    },
    "hydrant": {
        "alignment": 0.48859883163411044,
        "null": 0.13376740199454368
    },
    "backpack": {
        "alignment": 0.5878222989027027,
        "null": 0.2989663953441054
    },
    "cup": {
        "alignment": 0.467549716278905,
        "null": 0.02020505547161326
    },
    "mouse": {
        "alignment": 0.478205096561069,
        "null": 0.018699155822629435
    },
    "keyboard": {
        "alignment": 0.35874185644695455,
        "null": 0.13161204638064147
    },
    "skateboard": {
        "alignment": 0.42922989529720196,
        "null": -0.0668446098084583
    },
    "suitcase": {
        "alignment": 0.4312152406052758,
        "null": 0.06824375197129397
    },
    "couch": {
        "alignment": 0.11442303838685774,
        "null": 0.17617315509232018
    },
    "remote": {
        "alignment": 0.48112622979209496,
        "null": 0.1475580953188319
    },
    "apple": {
        "alignment": 0.32155115900165904,
        "null": -0.07486008357286807
    },
    "donut": {
        "alignment": 0.5528184390473919,
        "null": 0.1357396482738902
    },
    "laptop": {
        "alignment": 0.3236696368066997,
        "null": 0.15030392911806506
    },
    "broccoli": {
        "alignment": 0.5303412143591696,
        "null": 0.12624465574428817
    },
    "vase": {
        "alignment": 0.5615447467362428,
        "null": 0.1836616136421143
    },
    "bowl": {
        "alignment": 0.5388998590945924,
        "null": 0.08315268730367481
    },
    "kite": {
        "alignment": 0.35779872552502934,
        "null": 0.16695837062417498
    },
    "human": {
        "alignment": 0.7897440859581286,
        "null": 0.4038053362348612
    }
}