{
    "baseballglove": {
        "alignment": 0.5745034208899051,
        "null": 0.29351669307317096
    },
    "toyplane": {
        "alignment": 0.36040504005938107,
        "null": 0.15600113356195774
    },
    "toaster": {
        "alignment": 0.290121065016817,
        "null": 0.08459218367877241
    },
    "hairdryer": {
        "alignment": 0.4493128913309593,
        "null": 0.12680996222788726
    },
    "stopsign": {
        "alignment": 0.40602254880957994,
        "null": 0.07542987767122067
    },
    "toilet": {
        "alignment": 0.36628896382465126,
        "null": 0.12037110910056444
    },
    "sandwich": {
        "alignment": 0.5948401523691058,
        "null": 0.3314275491431127
    },
    "bottle": {
        "alignment": 0.4845684549589203,
        "null": 0.32421477945495003
    },
    "book": {
        "alignment": 0.3505326668387782,
        "null": 0.13689827187250384
    },
    "teddybear": {
        "alignment": 0.482905596362489,
        "null": 0.19295468267232024
    },
    "microwave": {
        "alignment": 0.4256605820844633,
        "null": 0.16845204748467488
    },
    "toybus": {
        "alignment": 0.27670731033348356,
        "null": 0.04274154468880898
    },
    "banana": {
        "alignment": 0.5599961362277833,
        "null": 0.10907812620004358
    },
    "ball": {
        "alignment": 0.3548332087075937,
        "null": 0.20162400156325921
    },
    "umbrella": {
        "alignment": 0.28039319858612066,
        "null": 0.1012529369305885
    },
    "motorcycle": {
        "alignment": 0.2747593670981093,
        "null": 0.11762378746757472
    },
    "car": {
        "alignment": 0.22467944816890842,
        "null": -0.03338931992808026
    },
    "tv": {
        "alignment": 0.5239325246818302,
        "null": 0.09266628700104988
    },
    "carrot": {
        "alignment": 0.47664541393443416,
        "null": 0.12726305094221724
    },
    "pizza": {
        "alignment": 0.5447598229539496,
        "null": 0.2473185344335754
    },
    "hotdog": {
        "alignment": 0.5451571051386365,
        "null": 0.2687475612279264
    },
    "frisbee": {
        "alignment": 0.22866036828577674,
        "null": 0.15045019298373757
    },
    "toytruck": {
        "alignment": 0.4369205580487031,
        "null": 0.09895489057550402
    },
    "baseballbat": {
        "alignment": 0.4484489001052976,
        "null": 0.08741502112420771
    },
    "chair": {
        "alignment": 0.4622975072390891,
        "null": 0.20095873973488013
    },
    "cake": {
        "alignment": 0.5198028077142935,
        "null": 0.21512700930129514
    },
    "bicycle": {
        "alignment": 0.2704368745941536,
        "null": 0.22238890937139638
    },
    "wineglass": {
        "alignment": 0.49009839411123163,
        "null": 0.05639589913981206
    },
    "parkingmeter": {
        "alignment": 0.49090324642366634,
        "null": 0.2834769407483344
    },
    "handbag": {
        "alignment": 0.3220327851606132,
        "null": 0.20338504594103218
    },
    "plant": {
        "alignment": 0.4764680569899857,
        "null": 0.24412895077004074
    },
    "bench": {
        "alignment": 0.3750269494243562,
        "null": 0.09838587143150565
    },
    "toytrain": {
        "alignment": 0.45870291920695394,
        "null": 0.16070993074147613
    },
    "orange": {
        "alignment": 0.39437360141177497,
        "null": 0.08746416260773376
    },
    "cellphone": {
        "alignment": 0.5457277641712925,
        "null": 0.1457949097627852
    },
    "hydrant": {
        "alignment": 0.5513843228362021,
        "null": 0.15394275910391658
    },
    "backpack": {
        "alignment": 0.42693417568693937,
        "null": 0.2880290495017359
    },
    "cup": {
        "alignment": 0.44122969809949353,
        "null": 0.011626786188479723
    },
    "mouse": {
        "alignment": 0.4232251197131296,
        "null": 0.08584340548143751
    },
    "keyboard": {
        "alignment": 0.3824012329030066,
        "null": 0.15093196546160637
    },
    "skateboard": {
        "alignment": 0.48607019825675374,
        "null": -0.06705831413275569
    },
    "suitcase": {
        "alignment": 0.33774688003455483,
        "null": 0.06367250119301748
    },
    "couch": {
        "alignment": 0.10310885760476779,
        "null": 0.1780427521462677
    },
    "remote": {
        "alignment": 0.3639660649304528,
        "null": 0.14060012671398645
    },
    "apple": {
        "alignment": 0.36911160472154964,
        "null": 0.03336531400135418
    },
    "donut": {
        "alignment": 0.5046382157932571,
        "null": 0.1318455465639549
    },
    "laptop": {
        "alignment": 0.31245144241986794,
        "null": 0.17307139950095723
    },
    "broccoli": {
        "alignment": 0.5186749768953398,
        "null": 0.10469098800177983
    },
    "vase": {
        "alignment": 0.5111281930301552,
        "null": 0.17819117999003434
    },
    "bowl": {
        "alignment": 0.5217035711556072,
        "null": -0.026589722183133324
    },
    "kite": {
        "alignment": 0.37181435226840637,
        "null": 0.177035223696241
    },
    "human": {
        "alignment": 0.8114337292453537,
        "null": 0.3874927429610478
    }
}