{
    "baseballglove": {
        "alignment": 0.5584831412301908,
        "null": 0.2959691199094929
    },
    "toyplane": {
        "alignment": 0.3606050621058682,
        "null": 0.11342455142265803
    },
    "toaster": {
        "alignment": 0.3172821653230756,
        "null": 0.1080733642640419
    },
    "hairdryer": {
        "alignment": 0.47473648922155226,
        "null": 0.10338438077786316
    },
    "stopsign": {
        "alignment": 0.37962670824017164,
        "null": 0.1783057704338688
    },
    "toilet": {
        "alignment": 0.2665774050619322,
        "null": 0.023092457895253167
    },
    "sandwich": {
        "alignment": 0.5694856511940826,
        "null": 0.346291040136649
    },
    "bottle": {
        "alignment": 0.4897996568765769,
        "null": 0.29705462396255355
    },
    "book": {
        "alignment": 0.3679316325289977,
        "null": 0.10015498287655487
    },
    "teddybear": {
        "alignment": 0.483952369402868,
        "null": 0.12277786342531052
    },
    "microwave": {
        "alignment": 0.4002045693175885,
        "null": 0.1636231400134731
    },
    "toybus": {
        "alignment": 0.23568707985859758,
        "null": 0.008072108969600002
    },
    "banana": {
        "alignment": 0.5308816900597046,
        "null": 0.09193048195737298
    },
    "ball": {
        "alignment": 0.3779413943309129,
        "null": 0.17137869725824761
    },
    "umbrella": {
        "alignment": 0.27374246297504307,
        "null": 0.1453084107508201
    },
    "motorcycle": {
        "alignment": 0.30231031241026796,
        "null": 0.14297946895128844
    },
    "car": {
        "alignment": 0.2048339295820589,
        "null": -0.06616061300078502
    },
    "tv": {
        "alignment": 0.5854061938763986,
        "null": 0.11030293334922792
    },
    "carrot": {
        "alignment": 0.43597913926927934,
        "null": 0.12976883581763668
    },
    "pizza": {
        "alignment": 0.4392738745325653,
        "null": 0.18412113792621604
    },
    "hotdog": {
        "alignment": 0.5324246157276887,
        "null": 0.26309776991068834
    },
    "frisbee": {
        "alignment": 0.19600721616003636,
        "null": 0.228947004272786
    },
    "toytruck": {
        "alignment": 0.5279539543456586,
        "null": 0.13084039774577297
    },
    "baseballbat": {
        "alignment": 0.43487439228957153,
        "null": 0.05442030352788574
    },
    "chair": {
        "alignment": 0.4415902137216117,
        "null": 0.16828336084550238
    },
    "cake": {
        "alignment": 0.48503659609922456,
        "null": 0.1994555971632411
    },
    "bicycle": {
        "alignment": 0.3748382348085437,
        "null": 0.20616048475867574
    },
    "wineglass": {
        "alignment": 0.5096843083952936,
        "null": 0.060442024211750024
    },
    "parkingmeter": {
        "alignment": 0.4747386549073034,
        "null": 0.21093034415260617
    },
    "handbag": {
        "alignment": 0.40447962527381387,
        "null": 0.17050615602698074
    },
    "plant": {
        "alignment": 0.5027808856560346,
        "null": 0.20105928021672434
    },
    "bench": {
        "alignment": 0.4255901626905662,
        "null": 0.12825709032440333
    },
    "toytrain": {
        "alignment": 0.4810510239710532,
        "null": 0.11987032451758778
    },
    "orange": {
        "alignment": 0.37538834552937167,
        "null": 0.0724217177304226
    },
    "cellphone": {
        "alignment": 0.48101950901857166,
        "null": 0.16800614739913586
    },
    "hydrant": {
        "alignment": 0.5478675069653485,
        "null": 0.17276218029746876
    },
    "backpack": {
        "alignment": 0.47560072151482374,
        "null": 0.2645557240738104
    },
    "cup": {
        "alignment": 0.4198525688417128,
        "null": 0.000291306175552294
    },
    "mouse": {
        "alignment": 0.437288880249323,
        "null": 0.10604481754342368
    },
    "keyboard": {
        "alignment": 0.22667159650306076,
        "null": 0.1635830127908749
    },
    "skateboard": {
        "alignment": 0.4295075008308446,
        "null": -0.07977669235802193
    },
    "suitcase": {
        "alignment": 0.34974968717971733,
        "null": 0.07087400186649892
    },
    "couch": {
        "alignment": 0.0832522216705449,
        "null": 0.15206733892132263
    },
    "remote": {
        "alignment": 0.40745361451450884,
        "null": 0.1358026841644492
    },
    "apple": {
        "alignment": 0.39222556681073445,
        "null": -0.00994644838463605
    },
    "donut": {
        "alignment": 0.5639564901490818,
        "null": 0.13548268742204642
    },
    "laptop": {
        "alignment": 0.21823890600955226,
        "null": 0.09122017057226148
    },
    "broccoli": {
        "alignment": 0.5179942895576576,
        "null": 0.17240299238439272
    },
    "vase": {
        "alignment": 0.5295456216105879,
        "null": 0.24410248434262405
    },
    "bowl": {
        "alignment": 0.5959415378137073,
        "null": 0.0017880959015906318
    },
    "kite": {
        "alignment": 0.3672628791535578,
        "null": 0.18520292599521856
    },
    "human": {
        "alignment": 1.142040608743326,
        "null": 0.28049351863380567
    }
}